"用户ID","基本信息","健康指标","运动健身","饮食营养","时间"
"1001","68岁 | 男 | 与老伴同住 | 高血压10年","血压:145/88mmHg\n空腹血糖:5.8mmol/L\n心率:78次/分\n睡眠:6小时 易醒\nBMI:25.2","日均步数:5200\n主要运动:散步\n周运动频次:4次\n每次时长:30分钟","日均热量:2100千卡\n蛋白质:65克\n蔬果:3份\n饮水:5杯","2025-01"
"1002","72岁 | 女 | 独居 | 骨质疏松+膝关节炎","血压:128/75mmHg\n空腹血糖:5.2mmol/L\n心率:72次/分\n睡眠:5.5小时 入睡困难\nBMI:22.8","日均步数:3500\n主要运动:太极\n周运动频次:3次\n每次时长:25分钟","日均热量:1700千卡\n蛋白质:50克\n蔬果:4份\n饮水:6杯","2025-01"
"1003","65岁 | 男 | 与子女同住 | 糖尿病3年","血压:132/82mmHg\n空腹血糖:7.5mmol/L\n心率:80次/分\n睡眠:7小时 良好\nBMI:27.5","日均步数:6800\n主要运动:快走+骑行\n周运动频次:5次\n每次时长:40分钟","日均热量:2300千卡\n蛋白质:72克\n蔬果:3份\n饮水:7杯","2025-01"
"1004","76岁 | 女 | 养老院 | 冠心病+轻度认知障碍","血压:138/85mmHg\n空腹血糖:5.5mmol/L\n心率:68次/分\n睡眠:6小时 多梦\nBMI:21.5","日均步数:2800\n主要运动:院内散步+坐姿操\n周运动频次:3次\n每次时长:20分钟","日均热量:1550千卡\n蛋白质:45克\n蔬果:2份\n饮水:4杯","2025-01"
"1005","70岁 | 男 | 与老伴同住 | 高血脂+轻度脂肪肝","血压:135/85mmHg\n空腹血糖:6.0mmol/L\n心率:75次/分\n睡眠:6.5小时 尚可\nBMI:26.8","日均步数:5500\n主要运动:散步+钓鱼\n周运动频次:3次\n每次时长:35分钟","日均热量:2200千卡\n蛋白质:70克\n蔬果:2份\n饮水:5杯","2025-01"
"1006","63岁 | 女 | 与子女同住 | 健康（退休前教师）","血压:118/72mmHg\n空腹血糖:5.0mmol/L\n心率:70次/分\n睡眠:7.5小时 良好\nBMI:23.5","日均步数:8500\n主要运动:广场舞+快走\n周运动频次:6次\n每次时长:50分钟","日均热量:1900千卡\n蛋白质:62克\n蔬果:5份\n饮水:8杯","2025-01"
"1007","80岁 | 男 | 独居 | 高血压+前列腺增生","血压:150/92mmHg\n空腹血糖:5.6mmol/L\n心率:76次/分\n睡眠:5小时 夜尿3次\nBMI:24.0","日均步数:3000\n主要运动:散步\n周运动频次:2次\n每次时长:20分钟","日均热量:1800千卡\n蛋白质:52克\n蔬果:2份\n饮水:4杯","2025-01"
"1008","67岁 | 女 | 与老伴同住 | 轻度焦虑+失眠","血压:125/78mmHg\n空腹血糖:5.3mmol/L\n心率:82次/分\n睡眠:4.5小时 入睡困难\nBMI:22.0","日均步数:4200\n主要运动:瑜伽+散步\n周运动频次:4次\n每次时长:30分钟","日均热量:1650千卡\n蛋白质:48克\n蔬果:4份\n饮水:6杯","2025-01"
"1009","74岁 | 男 | 与子女同住 | 糖尿病+高血压","血压:148/90mmHg\n空腹血糖:8.2mmol/L\n心率:78次/分\n睡眠:6小时 尚可\nBMI:28.5","日均步数:4000\n主要运动:散步\n周运动频次:2次\n每次时长:25分钟","日均热量:2400千卡\n蛋白质:75克\n蔬果:1份\n饮水:4杯","2025-01"
"1010","69岁 | 女 | 与老伴同住 | 健康（广场舞领队）","血压:115/70mmHg\n空腹血糖:4.8mmol/L\n心率:68次/分\n睡眠:8小时 优质\nBMI:22.5","日均步数:10000\n主要运动:广场舞+太极+快走\n周运动频次:7次\n每次时长:60分钟","日均热量:2000千卡\n蛋白质:68克\n蔬果:5份\n饮水:8杯","2025-01"
"1001","68岁 | 男 | 与老伴同住 | 高血压10年","血压:146/90mmHg\n空腹血糖:5.9mmol/L\n心率:79次/分\n睡眠:5.5小时 易醒\nBMI:25.3","日均步数:4800\n主要运动:散步\n周运动频次:3次\n每次时长:28分钟","日均热量:2150千卡\n蛋白质:63克\n蔬果:3份\n饮水:5杯","2025-02"
"1002","72岁 | 女 | 独居 | 骨质疏松+膝关节炎","血压:126/74mmHg\n空腹血糖:5.1mmol/L\n心率:73次/分\n睡眠:5小时 入睡困难\nBMI:22.7","日均步数:3200\n主要运动:太极\n周运动频次:2次\n每次时长:20分钟","日均热量:1680千卡\n蛋白质:48克\n蔬果:3份\n饮水:5杯","2025-02"
"1003","65岁 | 男 | 与子女同住 | 糖尿病3年","血压:134/84mmHg\n空腹血糖:7.8mmol/L\n心率:81次/分\n睡眠:6.5小时 良好\nBMI:27.6","日均步数:6200\n主要运动:快走\n周运动频次:4次\n每次时长:35分钟","日均热量:2350千卡\n蛋白质:70克\n蔬果:3份\n饮水:6杯","2025-02"
"1004","76岁 | 女 | 养老院 | 冠心病+轻度认知障碍","血压:140/88mmHg\n空腹血糖:5.6mmol/L\n心率:70次/分\n睡眠:5.5小时 多梦\nBMI:21.3","日均步数:2500\n主要运动:院内散步\n周运动频次:2次\n每次时长:18分钟","日均热量:1500千卡\n蛋白质:42克\n蔬果:2份\n饮水:3杯","2025-02"
"1005","70岁 | 男 | 与老伴同住 | 高血脂+轻度脂肪肝","血压:136/86mmHg\n空腹血糖:6.1mmol/L\n心率:76次/分\n睡眠:6小时 尚可\nBMI:26.9","日均步数:5200\n主要运动:散步\n周运动频次:3次\n每次时长:30分钟","日均热量:2250千卡\n蛋白质:68克\n蔬果:2份\n饮水:5杯","2025-02"
"1006","63岁 | 女 | 与子女同住 | 健康（退休前教师）","血压:116/70mmHg\n空腹血糖:4.9mmol/L\n心率:69次/分\n睡眠:7小时 良好\nBMI:23.4","日均步数:8200\n主要运动:广场舞+快走\n周运动频次:5次\n每次时长:45分钟","日均热量:1850千卡\n蛋白质:60克\n蔬果:4份\n饮水:7杯","2025-02"
"1007","80岁 | 男 | 独居 | 高血压+前列腺增生","血压:152/94mmHg\n空腹血糖:5.7mmol/L\n心率:77次/分\n睡眠:4.5小时 夜尿频繁\nBMI:24.1","日均步数:2800\n主要运动:散步\n周运动频次:2次\n每次时长:18分钟","日均热量:1750千卡\n蛋白质:50克\n蔬果:2份\n饮水:3杯","2025-02"
"1008","67岁 | 女 | 与老伴同住 | 轻度焦虑+失眠","血压:127/79mmHg\n空腹血糖:5.4mmol/L\n心率:84次/分\n睡眠:4小时 严重失眠\nBMI:21.8","日均步数:3800\n主要运动:瑜伽\n周运动频次:3次\n每次时长:25分钟","日均热量:1600千卡\n蛋白质:45克\n蔬果:3份\n饮水:5杯","2025-02"
"1009","74岁 | 男 | 与子女同住 | 糖尿病+高血压","血压:150/92mmHg\n空腹血糖:8.5mmol/L\n心率:80次/分\n睡眠:6小时 尚可\nBMI:28.6","日均步数:3500\n主要运动:散步\n周运动频次:2次\n每次时长:20分钟","日均热量:2450千卡\n蛋白质:78克\n蔬果:1份\n饮水:3杯","2025-02"
"1010","69岁 | 女 | 与老伴同住 | 健康（广场舞领队）","血压:113/68mmHg\n空腹血糖:4.7mmol/L\n心率:67次/分\n睡眠:8小时 优质\nBMI:22.4","日均步数:9500\n主要运动:广场舞+太极+快走\n周运动频次:6次\n每次时长:55分钟","日均热量:1950千卡\n蛋白质:65克\n蔬果:5份\n饮水:8杯","2025-02"
"1001","68岁 | 男 | 与老伴同住 | 高血压10年","血压:142/86mmHg\n空腹血糖:5.7mmol/L\n心率:76次/分\n睡眠:6小时 有所改善\nBMI:25.0","日均步数:6000\n主要运动:散步+太极\n周运动频次:5次\n每次时长:35分钟","日均热量:2050千卡\n蛋白质:68克\n蔬果:4份\n饮水:6杯","2025-03"
"1002","72岁 | 女 | 独居 | 骨质疏松+膝关节炎","血压:124/72mmHg\n空腹血糖:5.0mmol/L\n心率:70次/分\n睡眠:6小时 改善中\nBMI:22.5","日均步数:4500\n主要运动:太极+水中行走\n周运动频次:4次\n每次时长:30分钟","日均热量:1750千卡\n蛋白质:55克\n蔬果:4份\n饮水:6杯","2025-03"
"1003","65岁 | 男 | 与子女同住 | 糖尿病3年","血压:130/80mmHg\n空腹血糖:7.0mmol/L\n心率:78次/分\n睡眠:7小时 良好\nBMI:27.2","日均步数:7500\n主要运动:快走+骑行\n周运动频次:6次\n每次时长:45分钟","日均热量:2200千卡\n蛋白质:75克\n蔬果:4份\n饮水:7杯","2025-03"
"1004","76岁 | 女 | 养老院 | 冠心病+轻度认知障碍","血压:135/82mmHg\n空腹血糖:5.4mmol/L\n心率:69次/分\n睡眠:6小时 好转\nBMI:21.5","日均步数:3200\n主要运动:院内散步+坐姿操\n周运动频次:4次\n每次时长:25分钟","日均热量:1600千卡\n蛋白质:48克\n蔬果:3份\n饮水:5杯","2025-03"
"1005","70岁 | 男 | 与老伴同住 | 高血脂+轻度脂肪肝","血压:132/82mmHg\n空腹血糖:5.8mmol/L\n心率:74次/分\n睡眠:6.5小时 良好\nBMI:26.5","日均步数:6500\n主要运动:散步+游泳\n周运动频次:4次\n每次时长:40分钟","日均热量:2100千卡\n蛋白质:72克\n蔬果:3份\n饮水:6杯","2025-03"
"1006","63岁 | 女 | 与子女同住 | 健康（退休前教师）","血压:114/69mmHg\n空腹血糖:4.8mmol/L\n心率:68次/分\n睡眠:7.5小时 良好\nBMI:23.2","日均步数:9000\n主要运动:广场舞+快走+瑜伽\n周运动频次:6次\n每次时长:55分钟","日均热量:1900千卡\n蛋白质:64克\n蔬果:6份\n饮水:8杯","2025-03"
"1007","80岁 | 男 | 独居 | 高血压+前列腺增生","血压:148/90mmHg\n空腹血糖:5.5mmol/L\n心率:75次/分\n睡眠:5小时 夜尿仍多\nBMI:23.8","日均步数:3500\n主要运动:散步+椅子操\n周运动频次:3次\n每次时长:25分钟","日均热量:1850千卡\n蛋白质:55克\n蔬果:3份\n饮水:5杯","2025-03"
"1008","67岁 | 女 | 与老伴同住 | 轻度焦虑+失眠","血压:122/75mmHg\n空腹血糖:5.2mmol/L\n心率:80次/分\n睡眠:5.5小时 改善中\nBMI:22.0","日均步数:5000\n主要运动:瑜伽+散步\n周运动频次:5次\n每次时长:35分钟","日均热量:1700千卡\n蛋白质:52克\n蔬果:4份\n饮水:7杯","2025-03"
"1009","74岁 | 男 | 与子女同住 | 糖尿病+高血压","血压:145/88mmHg\n空腹血糖:7.8mmol/L\n心率:77次/分\n睡眠:6.5小时 好转\nBMI:28.2","日均步数:5000\n主要运动:快走\n周运动频次:4次\n每次时长:30分钟","日均热量:2300千卡\n蛋白质:72克\n蔬果:3份\n饮水:5杯","2025-03"
"1010","69岁 | 女 | 与老伴同住 | 健康（广场舞领队）","血压:112/67mmHg\n空腹血糖:4.6mmol/L\n心率:66次/分\n睡眠:8小时 优质\nBMI:22.3","日均步数:10500\n主要运动:广场舞+太极+快走+游泳\n周运动频次:7次\n每次时长:65分钟","日均热量:2000千卡\n蛋白质:70克\n蔬果:6份\n饮水:9杯","2025-03"
"1001","68岁 | 男 | 与老伴同住 | 高血压10年","血压:138/84mmHg\n空腹血糖:5.6mmol/L\n心率:74次/分\n睡眠:6.5小时 持续改善\nBMI:24.8","日均步数:6500\n主要运动:散步+太极\n周运动频次:5次\n每次时长:40分钟","日均热量:2000千卡\n蛋白质:70克\n蔬果:4份\n饮水:7杯","2025-04"
"1002","72岁 | 女 | 独居 | 骨质疏松+膝关节炎","血压:122/70mmHg\n空腹血糖:5.0mmol/L\n心率:70次/分\n睡眠:6.5小时 持续改善\nBMI:22.3","日均步数:5000\n主要运动:太极+水中行走+八段锦\n周运动频次:5次\n每次时长:35分钟","日均热量:1750千卡\n蛋白质:58克\n蔬果:5份\n饮水:7杯","2025-04"
"1003","65岁 | 男 | 与子女同住 | 糖尿病3年","血压:128/78mmHg\n空腹血糖:6.5mmol/L\n心率:75次/分\n睡眠:7小时 良好\nBMI:26.8","日均步数:8000\n主要运动:快走+骑行+游泳\n周运动频次:6次\n每次时长:50分钟","日均热量:2150千卡\n蛋白质:78克\n蔬果:5份\n饮水:8杯","2025-04"
"1004","76岁 | 女 | 养老院 | 冠心病+轻度认知障碍","血压:132/80mmHg\n空腹血糖:5.3mmol/L\n心率:68次/分\n睡眠:6.5小时 明显好转\nBMI:21.8","日均步数:3800\n主要运动:院内散步+坐姿操+八段锦\n周运动频次:5次\n每次时长:30分钟","日均热量:1650千卡\n蛋白质:50克\n蔬果:4份\n饮水:6杯","2025-04"
"1005","70岁 | 男 | 与老伴同住 | 高血脂+轻度脂肪肝","血压:130/80mmHg\n空腹血糖:5.5mmol/L\n心率:72次/分\n睡眠:7小时 良好\nBMI:26.0","日均步数:7000\n主要运动:散步+游泳+太极\n周运动频次:5次\n每次时长:45分钟","日均热量:2050千卡\n蛋白质:74克\n蔬果:4份\n饮水:7杯","2025-04"
"1006","63岁 | 女 | 与子女同住 | 健康（退休前教师）","血压:112/68mmHg\n空腹血糖:4.7mmol/L\n心率:67次/分\n睡眠:8小时 优质\nBMI:23.0","日均步数:9500\n主要运动:广场舞+快走+瑜伽+太极\n周运动频次:7次\n每次时长:60分钟","日均热量:1900千卡\n蛋白质:66克\n蔬果:6份\n饮水:9杯","2025-04"
"1007","80岁 | 男 | 独居 | 高血压+前列腺增生","血压:145/88mmHg\n空腹血糖:5.4mmol/L\n心率:74次/分\n睡眠:5.5小时 夜尿好转\nBMI:23.6","日均步数:4000\n主要运动:散步+椅子操+八段锦\n周运动频次:4次\n每次时长:30分钟","日均热量:1900千卡\n蛋白质:58克\n蔬果:4份\n饮水:6杯","2025-04"
"1008","67岁 | 女 | 与老伴同住 | 轻度焦虑+失眠","血压:120/74mmHg\n空腹血糖:5.1mmol/L\n心率:78次/分\n睡眠:6小时 明显改善\nBMI:22.2","日均步数:6000\n主要运动:瑜伽+散步+冥想\n周运动频次:6次\n每次时长:40分钟","日均热量:1750千卡\n蛋白质:55克\n蔬果:5份\n饮水:7杯","2025-04"
"1009","74岁 | 男 | 与子女同住 | 糖尿病+高血压","血压:142/86mmHg\n空腹血糖:7.2mmol/L\n心率:75次/分\n睡眠:7小时 良好\nBMI:27.8","日均步数:6000\n主要运动:快走+太极\n周运动频次:5次\n每次时长:35分钟","日均热量:2200千卡\n蛋白质:74克\n蔬果:4份\n饮水:6杯","2025-04"
"1010","69岁 | 女 | 与老伴同住 | 健康（广场舞领队）","血压:110/66mmHg\n空腹血糖:4.5mmol/L\n心率:65次/分\n睡眠:8小时 优质\nBMI:22.2","日均步数:11000\n主要运动:广场舞+太极+快走+游泳+瑜伽\n周运动频次:7次\n每次时长:70分钟","日均热量:2000千卡\n蛋白质:72克\n蔬果:6份\n饮水:9杯","2025-04"
"1001","68岁 | 男 | 与老伴同住 | 高血压10年","血压:135/82mmHg\n空腹血糖:5.5mmol/L\n心率:73次/分\n睡眠:7小时 良好\nBMI:24.5","日均步数:7000\n主要运动:散步+太极+游泳\n周运动频次:6次\n每次时长:45分钟","日均热量:1950千卡\n蛋白质:72克\n蔬果:5份\n饮水:7杯","2025-05"
"1002","72岁 | 女 | 独居 | 骨质疏松+膝关节炎","血压:120/68mmHg\n空腹血糖:4.9mmol/L\n心率:68次/分\n睡眠:7小时 良好\nBMI:22.0","日均步数:5500\n主要运动:太极+水中行走+八段锦\n周运动频次:6次\n每次时长:40分钟","日均热量:1800千卡\n蛋白质:60克\n蔬果:5份\n饮水:7杯","2025-05"
"1003","65岁 | 男 | 与子女同住 | 糖尿病3年","血压:126/76mmHg\n空腹血糖:6.2mmol/L\n心率:73次/分\n睡眠:7.5小时 良好\nBMI:26.5","日均步数:8500\n主要运动:快走+骑行+游泳\n周运动频次:7次\n每次时长:55分钟","日均热量:2100千卡\n蛋白质:80克\n蔬果:5份\n饮水:8杯","2025-05"
"1004","76岁 | 女 | 养老院 | 冠心病+轻度认知障碍","血压:130/78mmHg\n空腹血糖:5.2mmol/L\n心率:67次/分\n睡眠:7小时 良好\nBMI:22.0","日均步数:4200\n主要运动:院内散步+坐姿操+八段锦+认知训练\n周运动频次:6次\n每次时长:35分钟","日均热量:1700千卡\n蛋白质:52克\n蔬果:4份\n饮水:6杯","2025-05"
"1005","70岁 | 男 | 与老伴同住 | 高血脂+轻度脂肪肝","血压:128/78mmHg\n空腹血糖:5.3mmol/L\n心率:70次/分\n睡眠:7小时 良好\nBMI:25.5","日均步数:7500\n主要运动:散步+游泳+太极\n周运动频次:6次\n每次时长:50分钟","日均热量:2000千卡\n蛋白质:76克\n蔬果:5份\n饮水:7杯","2025-05"
"1006","63岁 | 女 | 与子女同住 | 健康（退休前教师）","血压:110/65mmHg\n空腹血糖:4.6mmol/L\n心率:66次/分\n睡眠:8小时 优质\nBMI:22.8","日均步数:10000\n主要运动:广场舞+快走+瑜伽+太极\n周运动频次:7次\n每次时长:65分钟","日均热量:1900千卡\n蛋白质:68克\n蔬果:7份\n饮水:9杯","2025-05"
"1007","80岁 | 男 | 独居 | 高血压+前列腺增生","血压:142/85mmHg\n空腹血糖:5.3mmol/L\n心率:72次/分\n睡眠:6小时 持续好转\nBMI:23.5","日均步数:4500\n主要运动:散步+椅子操+八段锦+太极\n周运动频次:5次\n每次时长:35分钟","日均热量:1900千卡\n蛋白质:60克\n蔬果:4份\n饮水:6杯","2025-05"
"1008","67岁 | 女 | 与老伴同住 | 轻度焦虑+失眠","血压:118/72mmHg\n空腹血糖:5.0mmol/L\n心率:75次/分\n睡眠:6.5小时 大幅改善\nBMI:22.3","日均步数:6500\n主要运动:瑜伽+散步+冥想+太极\n周运动频次:6次\n每次时长:45分钟","日均热量:1750千卡\n蛋白质:58克\n蔬果:5份\n饮水:8杯","2025-05"
"1009","74岁 | 男 | 与子女同住 | 糖尿病+高血压","血压:140/84mmHg\n空腹血糖:6.8mmol/L\n心率:74次/分\n睡眠:7小时 良好\nBMI:27.5","日均步数:6500\n主要运动:快走+太极+游泳\n周运动频次:5次\n每次时长:40分钟","日均热量:2150千卡\n蛋白质:76克\n蔬果:4份\n饮水:7杯","2025-05"
"1010","69岁 | 女 | 与老伴同住 | 健康（广场舞领队）","血压:108/64mmHg\n空腹血糖:4.5mmol/L\n心率:64次/分\n睡眠:8.5小时 优质\nBMI:22.0","日均步数:11500\n主要运动:广场舞+太极+快走+游泳+瑜伽+骑行\n周运动频次:7次\n每次时长:75分钟","日均热量:2000千卡\n蛋白质:74克\n蔬果:7份\n饮水:10杯","2025-05"
"1001","68岁 | 男 | 与老伴同住 | 高血压10年","血压:135/82mmHg\n空腹血糖:5.5mmol/L\n心率:73次/分\n睡眠:7小时 良好\nBMI:24.5","日均步数:7000\n主要运动:散步+太极+游泳\n周运动频次:6次\n每次时长:45分钟","日均热量:1950千卡\n蛋白质:72克\n蔬果:5份\n饮水:7杯","2025-06"
"1002","72岁 | 女 | 独居 | 骨质疏松+膝关节炎","血压:120/68mmHg\n空腹血糖:4.9mmol/L\n心率:68次/分\n睡眠:7小时 良好\nBMI:22.0","日均步数:5500\n主要运动:太极+水中行走+八段锦\n周运动频次:6次\n每次时长:40分钟","日均热量:1800千卡\n蛋白质:60克\n蔬果:5份\n饮水:7杯","2025-06"
"1003","65岁 | 男 | 与子女同住 | 糖尿病3年","血压:126/76mmHg\n空腹血糖:6.2mmol/L\n心率:73次/分\n睡眠:7.5小时 良好\nBMI:26.5","日均步数:8500\n主要运动:快走+骑行+游泳\n周运动频次:7次\n每次时长:55分钟","日均热量:2100千卡\n蛋白质:80克\n蔬果:5份\n饮水:8杯","2025-06"
"1004","76岁 | 女 | 养老院 | 冠心病+轻度认知障碍","血压:130/78mmHg\n空腹血糖:5.2mmol/L\n心率:67次/分\n睡眠:7小时 良好\nBMI:22.0","日均步数:4200\n主要运动:院内散步+坐姿操+八段锦+认知训练\n周运动频次:6次\n每次时长:35分钟","日均热量:1700千卡\n蛋白质:52克\n蔬果:4份\n饮水:6杯","2025-06"
"1005","70岁 | 男 | 与老伴同住 | 高血脂+轻度脂肪肝","血压:128/78mmHg\n空腹血糖:5.3mmol/L\n心率:70次/分\n睡眠:7小时 良好\nBMI:25.5","日均步数:7500\n主要运动:散步+游泳+太极\n周运动频次:6次\n每次时长:50分钟","日均热量:2000千卡\n蛋白质:76克\n蔬果:5份\n饮水:7杯","2025-06"
"1006","63岁 | 女 | 与子女同住 | 健康（退休前教师）","血压:110/65mmHg\n空腹血糖:4.6mmol/L\n心率:66次/分\n睡眠:8小时 优质\nBMI:22.8","日均步数:10000\n主要运动:广场舞+快走+瑜伽+太极\n周运动频次:7次\n每次时长:65分钟","日均热量:1900千卡\n蛋白质:68克\n蔬果:7份\n饮水:9杯","2025-06"
"1007","80岁 | 男 | 独居 | 高血压+前列腺增生","血压:142/85mmHg\n空腹血糖:5.3mmol/L\n心率:72次/分\n睡眠:6小时 持续好转\nBMI:23.5","日均步数:4500\n主要运动:散步+椅子操+八段锦+太极\n周运动频次:5次\n每次时长:35分钟","日均热量:1900千卡\n蛋白质:60克\n蔬果:4份\n饮水:6杯","2025-06"
"1008","67岁 | 女 | 与老伴同住 | 轻度焦虑+失眠","血压:118/72mmHg\n空腹血糖:5.0mmol/L\n心率:75次/分\n睡眠:6.5小时 大幅改善\nBMI:22.3","日均步数:6500\n主要运动:瑜伽+散步+冥想+太极\n周运动频次:6次\n每次时长:45分钟","日均热量:1750千卡\n蛋白质:58克\n蔬果:5份\n饮水:8杯","2025-06"
"1009","74岁 | 男 | 与子女同住 | 糖尿病+高血压","血压:140/84mmHg\n空腹血糖:6.8mmol/L\n心率:74次/分\n睡眠:7小时 良好\nBMI:27.5","日均步数:6500\n主要运动:快走+太极+游泳\n周运动频次:5次\n每次时长:40分钟","日均热量:2150千卡\n蛋白质:76克\n蔬果:4份\n饮水:7杯","2025-06"
"1010","69岁 | 女 | 与老伴同住 | 健康（广场舞领队）","血压:108/64mmHg\n空腹血糖:4.5mmol/L\n心率:64次/分\n睡眠:8.5小时 优质\nBMI:22.0","日均步数:11500\n主要运动:广场舞+太极+快走+游泳+瑜伽+骑行\n周运动频次:7次\n每次时长:75分钟","日均热量:2000千卡\n蛋白质:74克\n蔬果:7份\n饮水:10杯","2025-06"
"1001","68岁 | 男 | 与老伴同住 | 高血压10年","血压:140/85mmHg\n空腹血糖:5.8mmol/L\n心率:76次/分\n睡眠:6小时 回落\nBMI:24.8","日均步数:5500\n主要运动:散步\n周运动频次:3次\n每次时长:30分钟","日均热量:2100千卡\n蛋白质:65克\n蔬果:3份\n饮水:5杯","2025-07"
"1002","72岁 | 女 | 独居 | 骨质疏松+膝关节炎","血压:125/73mmHg\n空腹血糖:5.1mmol/L\n心率:72次/分\n睡眠:5.5小时 回落\nBMI:22.3","日均步数:4000\n主要运动:太极\n周运动频次:3次\n每次时长:25分钟","日均热量:1700千卡\n蛋白质:52克\n蔬果:3份\n饮水:5杯","2025-07"
"1003","65岁 | 男 | 与子女同住 | 糖尿病3年","血压:132/80mmHg\n空腹血糖:7.3mmol/L\n心率:77次/分\n睡眠:6.5小时 尚可\nBMI:26.9","日均步数:7000\n主要运动:快走\n周运动频次:4次\n每次时长:40分钟","日均热量:2250千卡\n蛋白质:72克\n蔬果:3份\n饮水:6杯","2025-07"
"1004","76岁 | 女 | 养老院 | 冠心病+轻度认知障碍","血压:138/84mmHg\n空腹血糖:5.5mmol/L\n心率:71次/分\n睡眠:5.5小时 回落\nBMI:21.5","日均步数:3000\n主要运动:院内散步\n周运动频次:3次\n每次时长:20分钟","日均热量:1550千卡\n蛋白质:44克\n蔬果:2份\n饮水:4杯","2025-07"
"1005","70岁 | 男 | 与老伴同住 | 高血脂+轻度脂肪肝","血压:134/84mmHg\n空腹血糖:5.8mmol/L\n心率:74次/分\n睡眠:6小时 回落\nBMI:26.2","日均步数:5800\n主要运动:散步\n周运动频次:3次\n每次时长:35分钟","日均热量:2150千卡\n蛋白质:68克\n蔬果:3份\n饮水:5杯","2025-07"
"1006","63岁 | 女 | 与子女同住 | 健康（退休前教师）","血压:115/70mmHg\n空腹血糖:4.8mmol/L\n心率:69次/分\n睡眠:7小时 略降\nBMI:23.1","日均步数:8500\n主要运动:广场舞+快走\n周运动频次:5次\n每次时长:50分钟","日均热量:1850千卡\n蛋白质:62克\n蔬果:5份\n饮水:7杯","2025-07"
"1007","80岁 | 男 | 独居 | 高血压+前列腺增生","血压:150/93mmHg\n空腹血糖:5.6mmol/L\n心率:78次/分\n睡眠:4.5小时 下滑\nBMI:24.0","日均步数:3200\n主要运动:散步\n周运动频次:2次\n每次时长:20分钟","日均热量:1750千卡\n蛋白质:50克\n蔬果:2份\n饮水:3杯","2025-07"
"1008","67岁 | 女 | 与老伴同住 | 轻度焦虑+失眠","血压:125/77mmHg\n空腹血糖:5.2mmol/L\n心率:81次/分\n睡眠:5小时 回落\nBMI:22.0","日均步数:4800\n主要运动:瑜伽+散步\n周运动频次:4次\n每次时长:30分钟","日均热量:1680千卡\n蛋白质:50克\n蔬果:4份\n饮水:6杯","2025-07"
"1009","74岁 | 男 | 与子女同住 | 糖尿病+高血压","血压:148/92mmHg\n空腹血糖:8.0mmol/L\n心率:79次/分\n睡眠:6小时 回落\nBMI:28.0","日均步数:4500\n主要运动:散步\n周运动频次:3次\n每次时长:25分钟","日均热量:2350千卡\n蛋白质:72克\n蔬果:2份\n饮水:4杯","2025-07"
"1010","69岁 | 女 | 与老伴同住 | 健康（广场舞领队）","血压:114/69mmHg\n空腹血糖:4.7mmol/L\n心率:67次/分\n睡眠:7.5小时 略降\nBMI:22.3","日均步数:9500\n主要运动:广场舞+太极+快走\n周运动频次:6次\n每次时长:55分钟","日均热量:1950千卡\n蛋白质:68克\n蔬果:5份\n饮水:7杯","2025-07"
"1001","68岁 | 男 | 与老伴同住 | 高血压10年","血压:143/88mmHg\n空腹血糖:6.0mmol/L\n心率:78次/分\n睡眠:5.5小时 下滑\nBMI:25.0","日均步数:4800\n主要运动:散步\n周运动频次:3次\n每次时长:25分钟","日均热量:2150千卡\n蛋白质:62克\n蔬果:2份\n饮水:4杯","2025-08"
"1002","72岁 | 女 | 独居 | 骨质疏松+膝关节炎","血压:128/76mmHg\n空腹血糖:5.3mmol/L\n心率:74次/分\n睡眠:5小时 下滑\nBMI:22.5","日均步数:3200\n主要运动:太极\n周运动频次:2次\n每次时长:20分钟","日均热量:1650千卡\n蛋白质:48克\n蔬果:3份\n饮水:4杯","2025-08"
"1003","65岁 | 男 | 与子女同住 | 糖尿病3年","血压:134/83mmHg\n空腹血糖:7.6mmol/L\n心率:79次/分\n睡眠:6小时 下滑\nBMI:27.3","日均步数:6200\n主要运动:快走\n周运动频次:4次\n每次时长:35分钟","日均热量:2300千卡\n蛋白质:70克\n蔬果:2份\n饮水:5杯","2025-08"
"1004","76岁 | 女 | 养老院 | 冠心病+轻度认知障碍","血压:142/87mmHg\n空腹血糖:5.7mmol/L\n心率:73次/分\n睡眠:5小时 下滑\nBMI:21.2","日均步数:2500\n主要运动:院内散步\n周运动频次:2次\n每次时长:15分钟","日均热量:1480千卡\n蛋白质:40克\n蔬果:1份\n饮水:3杯","2025-08"
"1005","70岁 | 男 | 与老伴同住 | 高血脂+轻度脂肪肝","血压:136/86mmHg\n空腹血糖:6.2mmol/L\n心率:76次/分\n睡眠:5.5小时 下滑\nBMI:26.5","日均步数:5000\n主要运动:散步\n周运动频次:3次\n每次时长:30分钟","日均热量:2200千卡\n蛋白质:65克\n蔬果:2份\n饮水:4杯","2025-08"
"1006","63岁 | 女 | 与子女同住 | 健康（退休前教师）","血压:117/72mmHg\n空腹血糖:5.0mmol/L\n心率:70次/分\n睡眠:6.5小时 下滑\nBMI:23.3","日均步数:7800\n主要运动:广场舞+快走\n周运动频次:5次\n每次时长:45分钟","日均热量:1800千卡\n蛋白质:58克\n蔬果:4份\n饮水:6杯","2025-08"
"1007","80岁 | 男 | 独居 | 高血压+前列腺增生","血压:154/96mmHg\n空腹血糖:5.8mmol/L\n心率:80次/分\n睡眠:4小时 严重不足\nBMI:24.2","日均步数:2500\n主要运动:散步\n周运动频次:1次\n每次时长:15分钟","日均热量:1700千卡\n蛋白质:45克\n蔬果:1份\n饮水:2杯","2025-08"
"1008","67岁 | 女 | 与老伴同住 | 轻度焦虑+失眠","血压:128/80mmHg\n空腹血糖:5.4mmol/L\n心率:83次/分\n睡眠:4.5小时 严重下滑\nBMI:21.8","日均步数:4000\n主要运动:瑜伽\n周运动频次:3次\n每次时长:25分钟","日均热量:1600千卡\n蛋白质:44克\n蔬果:3份\n饮水:5杯","2025-08"
"1009","74岁 | 男 | 与子女同住 | 糖尿病+高血压","血压:152/94mmHg\n空腹血糖:8.5mmol/L\n心率:81次/分\n睡眠:5.5小时 下滑\nBMI:28.5","日均步数:3500\n主要运动:散步\n周运动频次:2次\n每次时长:20分钟","日均热量:2450千卡\n蛋白质:70克\n蔬果:1份\n饮水:3杯","2025-08"
"1010","69岁 | 女 | 与老伴同住 | 健康（广场舞领队）","血压:116/71mmHg\n空腹血糖:4.8mmol/L\n心率:68次/分\n睡眠:7小时 略降\nBMI:22.5","日均步数:9000\n主要运动:广场舞+太极+快走\n周运动频次:5次\n每次时长:50分钟","日均热量:1900千卡\n蛋白质:65克\n蔬果:4份\n饮水:7杯","2025-08"
"1001","68岁 | 男 | 与老伴同住 | 高血压10年","血压:140/86mmHg\n空腹血糖:5.8mmol/L\n心率:75次/分\n睡眠:6小时 回升\nBMI:24.7","日均步数:5800\n主要运动:散步+太极\n周运动频次:4次\n每次时长:35分钟","日均热量:2050千卡\n蛋白质:68克\n蔬果:4份\n饮水:6杯","2025-09"
"1002","72岁 | 女 | 独居 | 骨质疏松+膝关节炎","血压:123/73mmHg\n空腹血糖:5.1mmol/L\n心率:70次/分\n睡眠:6小时 回升\nBMI:22.3","日均步数:4500\n主要运动:太极+八段锦\n周运动频次:4次\n每次时长:30分钟","日均热量:1720千卡\n蛋白质:55克\n蔬果:4份\n饮水:6杯","2025-09"
"1003","65岁 | 男 | 与子女同住 | 糖尿病3年","血压:130/80mmHg\n空腹血糖:7.0mmol/L\n心率:75次/分\n睡眠:6.5小时 回升\nBMI:27.0","日均步数:7200\n主要运动:快走+骑行\n周运动频次:5次\n每次时长:45分钟","日均热量:2150千卡\n蛋白质:75克\n蔬果:4份\n饮水:7杯","2025-09"
"1004","76岁 | 女 | 养老院 | 冠心病+轻度认知障碍","血压:136/83mmHg\n空腹血糖:5.4mmol/L\n心率:69次/分\n睡眠:6小时 回升\nBMI:21.5","日均步数:3500\n主要运动:院内散步+坐姿操\n周运动频次:4次\n每次时长:25分钟","日均热量:1600千卡\n蛋白质:48克\n蔬果:3份\n饮水:5杯","2025-09"
"1005","70岁 | 男 | 与老伴同住 | 高血脂+轻度脂肪肝","血压:132/82mmHg\n空腹血糖:5.7mmol/L\n心率:73次/分\n睡眠:6.5小时 回升\nBMI:26.2","日均步数:6200\n主要运动:散步+游泳\n周运动频次:4次\n每次时长:40分钟","日均热量:2080千卡\n蛋白质:72克\n蔬果:4份\n饮水:6杯","2025-09"
"1006","63岁 | 女 | 与子女同住 | 健康（退休前教师）","血压:113/68mmHg\n空腹血糖:4.7mmol/L\n心率:67次/分\n睡眠:7.5小时 回升\nBMI:23.0","日均步数:9000\n主要运动:广场舞+快走+瑜伽\n周运动频次:6次\n每次时长:55分钟","日均热量:1880千卡\n蛋白质:64克\n蔬果:6份\n饮水:8杯","2025-09"
"1007","80岁 | 男 | 独居 | 高血压+前列腺增生","血压:148/91mmHg\n空腹血糖:5.5mmol/L\n心率:76次/分\n睡眠:5小时 回升\nBMI:23.8","日均步数:3800\n主要运动:散步+椅子操\n周运动频次:3次\n每次时长:25分钟","日均热量:1820千卡\n蛋白质:55克\n蔬果:3份\n饮水:5杯","2025-09"
"1008","67岁 | 女 | 与老伴同住 | 轻度焦虑+失眠","血压:122/76mmHg\n空腹血糖:5.1mmol/L\n心率:78次/分\n睡眠:5.5小时 回升\nBMI:22.0","日均步数:5500\n主要运动:瑜伽+散步+冥想\n周运动频次:5次\n每次时长:40分钟","日均热量:1720千卡\n蛋白质:54克\n蔬果:5份\n饮水:7杯","2025-09"
"1009","74岁 | 男 | 与子女同住 | 糖尿病+高血压","血压:145/89mmHg\n空腹血糖:7.5mmol/L\n心率:76次/分\n睡眠:6.5小时 回升\nBMI:28.0","日均步数:5500\n主要运动:快走+太极\n周运动频次:4次\n每次时长:35分钟","日均热量:2250千卡\n蛋白质:74克\n蔬果:3份\n饮水:6杯","2025-09"
"1010","69岁 | 女 | 与老伴同住 | 健康（广场舞领队）","血压:111/67mmHg\n空腹血糖:4.6mmol/L\n心率:65次/分\n睡眠:8小时 恢复优质\nBMI:22.2","日均步数:10500\n主要运动:广场舞+太极+快走+游泳\n周运动频次:7次\n每次时长:65分钟","日均热量:1980千卡\n蛋白质:72克\n蔬果:6份\n饮水:9杯","2025-09"
"1001","68岁 | 男 | 与老伴同住 | 高血压10年","血压:136/83mmHg\n空腹血糖:5.6mmol/L\n心率:73次/分\n睡眠:6.5小时 持续改善\nBMI:24.5","日均步数:6500\n主要运动:散步+太极+游泳\n周运动频次:5次\n每次时长:40分钟","日均热量:1980千卡\n蛋白质:70克\n蔬果:5份\n饮水:7杯","2025-10"
"1002","72岁 | 女 | 独居 | 骨质疏松+膝关节炎","血压:120/70mmHg\n空腹血糖:4.9mmol/L\n心率:68次/分\n睡眠:6.5小时 持续改善\nBMI:22.1","日均步数:5200\n主要运动:太极+水中行走+八段锦\n周运动频次:5次\n每次时长:35分钟","日均热量:1780千卡\n蛋白质:58克\n蔬果:5份\n饮水:7杯","2025-10"
"1003","65岁 | 男 | 与子女同住 | 糖尿病3年","血压:127/77mmHg\n空腹血糖:6.5mmol/L\n心率:73次/分\n睡眠:7小时 良好\nBMI:26.5","日均步数:8200\n主要运动:快走+骑行+游泳\n周运动频次:6次\n每次时长:50分钟","日均热量:2120千卡\n蛋白质:78克\n蔬果:5份\n饮水:8杯","2025-10"
"1004","76岁 | 女 | 养老院 | 冠心病+轻度认知障碍","血压:132/80mmHg\n空腹血糖:5.3mmol/L\n心率:67次/分\n睡眠:6.5小时 持续改善\nBMI:21.8","日均步数:4000\n主要运动:院内散步+坐姿操+认知训练\n周运动频次:5次\n每次时长:30分钟","日均热量:1680千卡\n蛋白质:50克\n蔬果:4份\n饮水:6杯","2025-10"
"1005","70岁 | 男 | 与老伴同住 | 高血脂+轻度脂肪肝","血压:129/79mmHg\n空腹血糖:5.5mmol/L\n心率:71次/分\n睡眠:7小时 良好\nBMI:25.8","日均步数:7200\n主要运动:散步+游泳+太极\n周运动频次:5次\n每次时长:45分钟","日均热量:2020千卡\n蛋白质:74克\n蔬果:5份\n饮水:7杯","2025-10"
"1006","63岁 | 女 | 与子女同住 | 健康（退休前教师）","血压:111/66mmHg\n空腹血糖:4.6mmol/L\n心率:66次/分\n睡眠:8小时 优质\nBMI:22.9","日均步数:10000\n主要运动:广场舞+快走+瑜伽+太极\n周运动频次:7次\n每次时长:60分钟","日均热量:1900千卡\n蛋白质:66克\n蔬果:6份\n饮水:9杯","2025-10"
"1007","80岁 | 男 | 独居 | 高血压+前列腺增生","血压:144/87mmHg\n空腹血糖:5.4mmol/L\n心率:73次/分\n睡眠:5.5小时 持续改善\nBMI:23.6","日均步数:4200\n主要运动:散步+椅子操+八段锦\n周运动频次:4次\n每次时长:30分钟","日均热量:1880千卡\n蛋白质:58克\n蔬果:4份\n饮水:6杯","2025-10"
"1008","67岁 | 女 | 与老伴同住 | 轻度焦虑+失眠","血压:119/73mmHg\n空腹血糖:5.0mmol/L\n心率:75次/分\n睡眠:6.5小时 大幅改善\nBMI:22.3","日均步数:6200\n主要运动:瑜伽+散步+冥想+太极\n周运动频次:6次\n每次时长:45分钟","日均热量:1750千卡\n蛋白质:56克\n蔬果:5份\n饮水:8杯","2025-10"
"1009","74岁 | 男 | 与子女同住 | 糖尿病+高血压","血压:142/86mmHg\n空腹血糖:7.0mmol/L\n心率:74次/分\n睡眠:7小时 良好\nBMI:27.5","日均步数:6200\n主要运动:快走+太极+游泳\n周运动频次:5次\n每次时长:40分钟","日均热量:2180千卡\n蛋白质:76克\n蔬果:4份\n饮水:7杯","2025-10"
"1010","69岁 | 女 | 与老伴同住 | 健康（广场舞领队）","血压:109/65mmHg\n空腹血糖:4.5mmol/L\n心率:64次/分\n睡眠:8.5小时 优质\nBMI:22.1","日均步数:11200\n主要运动:广场舞+太极+快走+游泳+瑜伽+骑行\n周运动频次:7次\n每次时长:70分钟","日均热量:2000千卡\n蛋白质:74克\n蔬果:7份\n饮水:10杯","2025-10"
"1001","68岁 | 男 | 与老伴同住 | 高血压10年","血压:134/81mmHg\n空腹血糖:5.4mmol/L\n心率:72次/分\n睡眠:7小时 良好\nBMI:24.3","日均步数:7200\n主要运动:散步+太极+游泳\n周运动频次:6次\n每次时长:45分钟","日均热量:1950千卡\n蛋白质:73克\n蔬果:5份\n饮水:7杯","2025-11"
"1002","72岁 | 女 | 独居 | 骨质疏松+膝关节炎","血压:118/67mmHg\n空腹血糖:4.8mmol/L\n心率:67次/分\n睡眠:7小时 良好\nBMI:21.8","日均步数:5800\n主要运动:太极+水中行走+八段锦\n周运动频次:6次\n每次时长:40分钟","日均热量:1800千卡\n蛋白质:60克\n蔬果:5份\n饮水:8杯","2025-11"
"1003","65岁 | 男 | 与子女同住 | 糖尿病3年","血压:124/74mmHg\n空腹血糖:6.1mmol/L\n心率:72次/分\n睡眠:7.5小时 良好\nBMI:26.2","日均步数:8800\n主要运动:快走+骑行+游泳\n周运动频次:7次\n每次时长:55分钟","日均热量:2100千卡\n蛋白质:82克\n蔬果:6份\n饮水:8杯","2025-11"
"1004","76岁 | 女 | 养老院 | 冠心病+轻度认知障碍","血压:128/77mmHg\n空腹血糖:5.1mmol/L\n心率:66次/分\n睡眠:7小时 良好\nBMI:22.0","日均步数:4500\n主要运动:院内散步+坐姿操+八段锦+认知训练\n周运动频次:6次\n每次时长:35分钟","日均热量:1700千卡\n蛋白质:52克\n蔬果:4份\n饮水:6杯","2025-11"
"1005","70岁 | 男 | 与老伴同住 | 高血脂+轻度脂肪肝","血压:126/76mmHg\n空腹血糖:5.2mmol/L\n心率:69次/分\n睡眠:7.5小时 良好\nBMI:25.2","日均步数:7800\n主要运动:散步+游泳+太极\n周运动频次:6次\n每次时长:50分钟","日均热量:1980千卡\n蛋白质:78克\n蔬果:5份\n饮水:7杯","2025-11"
"1006","63岁 | 女 | 与子女同住 | 健康（退休前教师）","血压:109/64mmHg\n空腹血糖:4.5mmol/L\n心率:65次/分\n睡眠:8小时 优质\nBMI:22.7","日均步数:10500\n主要运动:广场舞+快走+瑜伽+太极\n周运动频次:7次\n每次时长:65分钟","日均热量:1900千卡\n蛋白质:68克\n蔬果:7份\n饮水:9杯","2025-11"
"1007","80岁 | 男 | 独居 | 高血压+前列腺增生","血压:141/85mmHg\n空腹血糖:5.2mmol/L\n心率:72次/分\n睡眠:6小时 持续改善\nBMI:23.5","日均步数:4800\n主要运动:散步+椅子操+八段锦+太极\n周运动频次:5次\n每次时长:35分钟","日均热量:1900千卡\n蛋白质:60克\n蔬果:4份\n饮水:6杯","2025-11"
"1008","67岁 | 女 | 与老伴同住 | 轻度焦虑+失眠","血压:116/70mmHg\n空腹血糖:4.9mmol/L\n心率:73次/分\n睡眠:7小时 恢复正常\nBMI:22.5","日均步数:6800\n主要运动:瑜伽+散步+冥想+太极\n周运动频次:6次\n每次时长:45分钟","日均热量:1780千卡\n蛋白质:60克\n蔬果:5份\n饮水:8杯","2025-11"
"1009","74岁 | 男 | 与子女同住 | 糖尿病+高血压","血压:138/83mmHg\n空腹血糖:6.5mmol/L\n心率:73次/分\n睡眠:7.5小时 良好\nBMI:27.2","日均步数:7000\n主要运动:快走+太极+游泳\n周运动频次:6次\n每次时长:45分钟","日均热量:2120千卡\n蛋白质:78克\n蔬果:5份\n饮水:7杯","2025-11"
"1010","69岁 | 女 | 与老伴同住 | 健康（广场舞领队）","血压:107/63mmHg\n空腹血糖:4.4mmol/L\n心率:63次/分\n睡眠:8.5小时 优质\nBMI:22.0","日均步数:12000\n主要运动:广场舞+太极+快走+游泳+瑜伽+骑行\n周运动频次:7次\n每次时长:75分钟","日均热量:2000千卡\n蛋白质:75克\n蔬果:7份\n饮水:10杯","2025-11"
"1001","68岁 | 男 | 与老伴同住 | 高血压10年","血压:132/80mmHg\n空腹血糖:5.3mmol/L\n心率:71次/分\n睡眠:7小时 良好\nBMI:24.2","日均步数:7500\n主要运动:散步+太极+游泳\n周运动频次:6次\n每次时长:45分钟","日均热量:1950千卡\n蛋白质:74克\n蔬果:5份\n饮水:8杯","2025-12"
"1002","72岁 | 女 | 独居 | 骨质疏松+膝关节炎","血压:116/65mmHg\n空腹血糖:4.7mmol/L\n心率:66次/分\n睡眠:7.5小时 良好\nBMI:21.7","日均步数:6000\n主要运动:太极+水中行走+八段锦\n周运动频次:6次\n每次时长:40分钟","日均热量:1820千卡\n蛋白质:62克\n蔬果:5份\n饮水:8杯","2025-12"
"1003","65岁 | 男 | 与子女同住 | 糖尿病3年","血压:122/72mmHg\n空腹血糖:5.8mmol/L\n心率:70次/分\n睡眠:8小时 良好\nBMI:25.8","日均步数:9000\n主要运动:快走+骑行+游泳\n周运动频次:7次\n每次时长:60分钟","日均热量:2100千卡\n蛋白质:84克\n蔬果:6份\n饮水:9杯","2025-12"
"1004","76岁 | 女 | 养老院 | 冠心病+轻度认知障碍","血压:126/75mmHg\n空腹血糖:5.0mmol/L\n心率:65次/分\n睡眠:7.5小时 良好\nBMI:22.2","日均步数:4800\n主要运动:院内散步+坐姿操+八段锦+认知训练\n周运动频次:6次\n每次时长:35分钟","日均热量:1720千卡\n蛋白质:54克\n蔬果:4份\n饮水:6杯","2025-12"
"1005","70岁 | 男 | 与老伴同住 | 高血脂+轻度脂肪肝","血压:124/74mmHg\n空腹血糖:5.0mmol/L\n心率:68次/分\n睡眠:7.5小时 良好\nBMI:24.8","日均步数:8000\n主要运动:散步+游泳+太极\n周运动频次:6次\n每次时长:50分钟","日均热量:1950千卡\n蛋白质:80克\n蔬果:5份\n饮水:8杯","2025-12"
"1006","63岁 | 女 | 与子女同住 | 健康（退休前教师）","血压:108/62mmHg\n空腹血糖:4.4mmol/L\n心率:64次/分\n睡眠:8小时 优质\nBMI:22.5","日均步数:11000\n主要运动:广场舞+快走+瑜伽+太极\n周运动频次:7次\n每次时长:65分钟","日均热量:1900千卡\n蛋白质:70克\n蔬果:7份\n饮水:9杯","2025-12"
"1007","80岁 | 男 | 独居 | 高血压+前列腺增生","血压:138/83mmHg\n空腹血糖:5.1mmol/L\n心率:70次/分\n睡眠:6.5小时 显著改善\nBMI:23.3","日均步数:5000\n主要运动:散步+椅子操+八段锦+太极\n周运动频次:5次\n每次时长:35分钟","日均热量:1920千卡\n蛋白质:62克\n蔬果:4份\n饮水:7杯","2025-12"
"1008","67岁 | 女 | 与老伴同住 | 轻度焦虑+失眠","血压:114/68mmHg\n空腹血糖:4.8mmol/L\n心率:72次/分\n睡眠:7.5小时 恢复正常\nBMI:22.6","日均步数:7200\n主要运动:瑜伽+散步+冥想+太极\n周运动频次:7次\n每次时长:50分钟","日均热量:1800千卡\n蛋白质:62克\n蔬果:6份\n饮水:8杯","2025-12"
"1009","74岁 | 男 | 与子女同住 | 糖尿病+高血压","血压:136/81mmHg\n空腹血糖:6.2mmol/L\n心率:72次/分\n睡眠:7.5小时 良好\nBMI:26.8","日均步数:7500\n主要运动:快走+太极+游泳\n周运动频次:6次\n每次时长:45分钟","日均热量:2100千卡\n蛋白质:80克\n蔬果:5份\n饮水:7杯","2025-12"
"1010","69岁 | 女 | 与老伴同住 | 健康（广场舞领队）","血压:106/62mmHg\n空腹血糖:4.3mmol/L\n心率:62次/分\n睡眠:8.5小时 优质\nBMI:21.8","日均步数:12500\n主要运动:广场舞+太极+快走+游泳+瑜伽+骑行\n周运动频次:7次\n每次时长:80分钟","日均热量:2000千卡\n蛋白质:76克\n蔬果:7份\n饮水:10杯","2025-12"
